{"IC": 19.873519279919993, "Open": 18.061784642738083, "Gesloten": 59.77664184909433, "Trace": 11.043082564729415, "EBK JTP": 0.01592399155461718, "HIBZ": 7.7374374930547845, "SPOCK": 0.029936659628847652, "TOA": 0.18212023558173132, "WaitingList": 0.0968996555172797, "Blocked": 0.0, "Total": 116.72044671630184, "TOA_LOS": 3.014588832612636, "waitinglist_LOS": 5.9531026192185115, "wait_times": [0.07100341227771878, 0.3102784956475375, 0.19645373609873218, 0.8816348145060147, 22.563966491413453, 21.949546930473502, 0.07932730445725156, 0.5919078456175839, 1.687394365072464, 0.9112274698443343, 0.5227279801088116, 1.0584682751655237, 0.5037395055132947, 1.9379741762794538, 0.25035135707503287, 1.011358380562342, 3.754208304910435, 1.7547859136598163, 0.9326568319765158, 0.8704026891748384, 2.1626072696751066, 0.8037544379454857, 0.547346159494623, 1.2492821652353427, 0.020622835898961966, 1.9426309466116436, 7.856921850834567, 9.976066729735578, 0.27165756737213087, 1.4570237692665842, 1.1345804879159687, 5.9853257140815685, 0.003889523035240927, 2.12622744118147, 3.877935725271044, 1.9199848874992256, 0.11822973060475306, 4.0945559045597975, 4.117467080302816, 8.806236237421643, 0.4818413271395343, 0.39425083899908486, 0.2846604488225353, 0.9854580872617476, 1.3789647237902614, 2.075808497575224, 1.5690432491005595, 0.4320579316518547, 2.586185469872305, 2.38351150113499, 0.7526939560707433, 4.101650697588525, 34.51430327510337, 15.860953735194471, 10.177402109042077, 2.5353854291831794, 0.21575990782480403, 2.2055845747355534, 1.746337198980882, 4.4830790775006335, 0.5353680513212566, 0.3772245594451533, 0.689429724768047, 2.13104871928374, 31.773526247406267, 29.60874486598243, 26.782108097059563, 24.37862253503374, 10.247978607656137, 6.215774045801254, 0.6588360283739121, 30.117097674214392, 7.060764027317646, 1.7376560062129442, 2.1439295281407738, 6.290877415577995, 0.011710098884663012, 3.7159522525419106, 0.7482212026019965, 0.37081785988397087, 0.6782651208829407, 5.904339997410375, 4.656963375065629, 4.994350247298144, 7.193694934024961, 5.563982778232017, 5.846270452998468, 1.2755828917537642, 2.7612854362943935, 7.692234896363942, 1.6662735131561703, 0.13539514083788617, 0.08995989161246598, 1.406774024552135, 0.07573071035545809, 0.03452336918536503, 0.3036291303850476, 0.23068469641248157, 10.322551692764819, 0.10984274284726325, 4.491613487332302, 3.3955227895429516, 8.40331709101224, 1.6883474674738181, 0.2151970455658443, 4.002763777389191, 1.0821867886692758, 0.17823423027641638, 0.19374025872940592, 1.389848951601607, 0.8459625885515152, 1.0931882773536472, 0.530568084048241, 0.3018110001368086, 6.290749790164341, 1.379498285621139, 1.608658227668684, 9.396560659622764, 8.637819379498865, 6.592879324642695, 5.058214938004426, 0.4694661802718656, 1.861785163167788, 0.39940144907387776, 3.091003412203378, 0.3021738067259889, 2.2278102695486552, 0.05453279026698965, 0.1816958839134486, 0.8839670726149507, 0.44375219408789235, 0.7135151347588362, 0.45506358998682117, 1.1483936293111583, 0.1547349562645195, 5.404577114494714, 0.05190351805845239, 0.1660864923158556, 0.6834907408036202, 0.7546387075154257, 1.5214954017627917, 21.81436858797855, 34.281815577198614, 31.26987672126603, 26.533148420029136, 10.141362005500582, 3.028214481394059, 0.38861867222658475, 0.11989504356074576, 3.4211286966497028, 0.6242283264666639, 1.134125595457249, 0.7292146889454898, 0.43234870570813655, 1.0122149873283206, 0.28376335449559065, 1.0646532405621656, 0.29948230599643466, 1.5790650525379988, 0.6689604654907271, 0.7306266719836003, 0.46409285540619294, 0.22191158066004846, 1.3007394682001632, 0.04882064771538808, 2.1891216653025367, 0.5685896680491851, 0.7014290157504206, 0.26969868958184406, 8.427538652959868, 0.7211480129813594, 0.3172011137558002, 7.724357057094835, 0.41331624021864855, 0.3867311562281657, 1.1042603218213571, 0.49414336434045936, 0.3815486478705452, 3.5830417276949333, 0.05791275590013356, 1.543900504978069, 4.3173417868122215, 3.6104124710835777, 0.9274499307610995, 2.4186604976659964, 6.6972752722252835, 2.2083173121453683, 0.5656560532980848, 1.8385512415435414, 0.15682487333555173, 0.4870619230782438, 0.9382236097887358, 0.6210896899532372, 0.5520855237846263, 12.677198519757269, 12.498106452929676, 0.2786175677756546, 0.38822570057288885, 2.5129847676237205, 0.8170984726135657, 13.671659791713296, 2.3052076742256986, 0.013281099891059966, 0.48330889354906503, 0.5602101598219633, 0.4371487314645037, 0.19101649450271907, 1.3890852578487056, 3.6496058483304523, 0.1554772983758994, 3.3670262871418117, 2.2138715748610593, 20.872144695688235, 12.511087474704595, 2.9526732678613143, 18.549052286337314], "wait_times_regular": 1.2541444724279578, "blocked_toa_patients_pct": 0.0, "total_toa_patients": 92.6, "ic_patients_acute": 2200.0, "ic_patients_semiacute": 257.5, "ic_patients_regular": 42.2, "forecast_arrivals": {"Open": [23.0, 24.0, 24.0, 24.0, 25.0, 25.0, 24.0, 24.0, 24.0, 23.0, 23.0, 21.0, 21.0, 20.0], "IC": [15.0, 18.0, 18.0, 18.0, 19.0, 20.0, 21.0, 20.0, 18.0, 18.0, 18.0, 18.0, 19.0, 18.0], "Gesloten": [54.0, 53.0, 52.0, 54.0, 54.0, 52.0, 52.0, 53.0, 56.0, 58.0, 57.0, 57.0, 56.0, 55.0], "Trace": [12.0, 12.0, 12.0, 12.0, 12.0, 11.0, 12.0, 12.0, 12.0, 11.0, 10.0, 11.0, 11.0, 11.0], "EBK JTP": [0.0, 0.0, 0.0, 0.0, 0.0, 0.0, 0.0, 0.0, 0.0, 0.0, 0.0, 0.0, 0.0, 0.0], "HIBZ": [10.0, 10.0, 9.0, 10.0, 10.0, 10.0, 10.0, 9.0, 10.0, 9.0, 9.0, 9.0, 9.0, 9.0], "SPOCK": [1.0, 1.0, 1.0, 1.0, 0.0, 0.0, 0.0, 0.0, 0.0, 0.0, 0.0, 0.0, 0.0, 0.0], "TOA": [0.0, 0.0, 0.0, 0.0, 0.0, 0.0, 1.0, 0.0, 0.0, 0.0, 0.0, 0.0, 0.0, 0.0], "WaitingList": [1.0, 0.0, 0.0, 0.0, 0.0, 0.0, 0.0, 0.0, 0.0, 0.0, 0.0, 0.0, 0.0, 0.0], "Total": [116.0, 117.0, 116.0, 118.0, 119.0, 118.0, 119.0, 118.0, 119.0, 119.0, 117.0, 116.0, 116.0, 114.0]}, "forecast_time": [1, 2, 3, 4, 5, 6, 7, 8, 9, 10, 11, 12, 13, 14]}